B-GOAL,B-SurgicalProcedure,B-IM,B-PI
null,null,null,Trauma
null,null,null,Trauma
null,null,null,fractures
null,null,null,osteogenesis
"Fidanzab,⁎",null,null,null
null,null,null,Osteogenesis
null,null,null,sclera
null,null,null,Ipoacusia
null,null,null,fractures
null,null,null,fractures
null,null,null,osteogenesis
null,null,null,sclera
null,null,null,ipoacusia
null,null,null,fracture
null,null,null,hemorrhagic
reduction,null,null,null
reconstruction,null,null,null
null,null,null,Osteogenesis
null,null,null,fractures
null,null,null,capillaries
null,null,null,healthy
null,null,null,fracture
reduction,null,null,null
management,null,null,null
null,null,null,fracture
null,null,hypertrophic,null
null,null,null,fracture
null,null,null,treated
null,null,null,fractures
null,null,null,osteogenesis
null,null,null,osteogenesis
null,null,2352,null
null,null,BY-NC,null
null,null,null,Trauma
null,null,X-ray,null
observation,null,null,null
null,null,null,fractures
null,null,null,injury
examination,null,null,null
null,null,null,sclera
null,null,null,ipoacusia
null,null,null,inability
null,null,null,pain
imaging,null,null,null
null,null,null,fractures
null,null,(CT),null
examination,null,null,null
null,null,null,comminution
null,null,null,displacement
null,null,radiographs,null
null,null,null,post-trauma
null,ORIF,null,null
reconstruction,null,null,null
null,null,null,osteopenic
reduction,null,null,null
null,null,null,fracture
reduction,null,null,null
null,null,null,dislocations
null,Stoppa,null,null
null,null,®,null
applied,null,null,null
null,null,null,loss
transfusion,null,null,null
mobilized,null,null,null
therapy,null,null,null
null,null,radiographic,null
null,null,null,Trauma
null,null,null,Pain
null,null,null,pain
null,null,radiographic,null
examination,null,null,null
reduction,null,null,null
null,null,null,fracture
null,null,null,sclera
null,null,null,hearing
null,null,null,hemorrhagic
null,null,null,loss
null,null,hypertrophic,null
reconstruction,null,null,null
null,null,null,loss
null,null,null,injury
null,null,null,fractures
null,null,null,fractures
null,null,null,comminution
null,null,null,fracture
null,null,null,fracture
null,null,null,fracture
null,null,null,fracture
null,null,null,fractures
null,null,null,penetrating
null,null,null,Trauma
null,null,X-ray,null
reconstruction,null,null,null
reconstruction,null,null,null
null,null,x-rays,null
null,null,null,fractures
treatment,null,null,null
null,null,null,fracture
reduction,null,null,null
null,null,null,infection
null,null,null,fractures
null,null,null,osteogenesis
treatment,null,null,null
treatment,null,null,null
null,null,null,Trauma
null,null,X-ray,null
reconstruction,null,null,null
null,null,null,D.
null,null,null,Osteogenesis
R.,null,null,null
null,null,null,Kosashvili
null,null,null,osteogenesis
null,null,null,G.A.
null,null,null,osteogenesis
R.,null,null,null
null,null,null,Fractures
reduction,null,null,null
null,null,null,812–814
null,null,null,B.R.
null,null,null,fracture
null,Stoppa,null,null
treatment,null,null,null
null,null,null,112–123
null,null,null,Osteogenesis
null,null,null,Bhatnagar
null,null,null,sclera
null,null,null,osteogenesis
null,null,null,Fractures
null,null,null,osteogenesis
null,null,null,J.L.
null,null,null,fracture
null,null,null,osteogenesis
J.P.,null,null,null
null,null,null,R.J.
null,null,null,fracture
null,null,null,fracture
null,null,null,osteogenesis
null,null,null,Injury
null,null,null,P.
Management,null,null,null
null,null,null,fractures
treatment,null,null,null
null,null,null,fracture
null,null,null,Trauma
