B-GOAL,B-SurgicalPreparation,B-PI,B-IM
null,null,Trauma,null
null,null,Trauma,null
null,null,Anjuma,null
null,general,null,null
null,null,osteomyelitis,null
null,null,thing,null
therapy,null,null,null
null,null,Fever,null
null,null,injury,null
null,null,null,radiographs
imaging,null,null,null
MRI,null,null,null
null,null,osteomyelitis,null
MRI,null,null,null
null,null,null,BA
null,null,osteomyelitis,null
null,null,infection,null
null,null,noah_khan@hotmail.com,null
null,null,https://doi.org/10.1016/j.tcr.2020.100289,null
null,null,null,2352
null,null,null,BY-NC
null,null,Trauma,null
null,null,tachypneic,null
null,null,tachycardiac,null
null,null,pain,null
null,null,fever,null
diagnosis,null,null,null
management,null,null,null
null,null,null,(CT)
drained,null,null,null
therapy,null,null,null
null,null,Fever,null
ventilatory,null,null,null
null,null,fever,null
null,null,pain,null
examination,null,null,null
null,null,injury,null
null,null,null,radiograph
imaging,null,null,null
MRI,null,null,null
MRI,null,null,null
null,null,edema,null
null,null,edema,null
MRI,null,null,null
null,null,osteomyelitis,null
removal,null,null,null
null,null,null,Drinker
null,null,infection,null
null,null,osteomyelitis,null
null,null,injury,null
null,null,osteomyelitis,null
null,null,ischemia,null
null,null,pain,null
‘,null,null,null
’,null,null,null
null,null,loss,null
null,null,pain,null
MRI,null,null,null
null,null,edema,null
null,null,infection,null
null,null,osteomyelitis,null
null,null,Trauma,null
null,null,trauma,null
null,null,Anson,null
null,null,L.,null
null,null,Jan.,null
null,null,null,C.C.
1–92,null,null,null
null,null,D.,null
null,null,O.,null
null,null,osteomyelitis,null
null,null,BMC,null
K.M.,null,null,null
null,null,D.,null
R.,null,null,null
