Attributes,Values
B-PI , Trauma
B-IM , 100338
B-PI , Trauma
B-PI , Tahab,1
B-SurgicalProcedure , Surgery
B-SurgicalProcedure , Surgery
B-SurgicalProcedure , Surgery
B-SurgicalProcedure , Surgery
B-SurgicalProcedure , Surgery
B-PI , fractures
B-PI , dissociation
B-PI , injury
B-PI , pre-
B-PI , displacement
B-PI , fracture
B-PI , displacement
B-PI , displacement
B-PI , dissociation
B-PI , injury
B-PI , injury
B-GOAL , management
B-PI , injuries
B-PI , injury
B-PI , mechanisms
B-PI , injury
B-PI , fracture
B-PI , injuries
B-PI , injuries
B-PI , dissociation
B-PI , displacement
B-PI , https://doi.org/10.1016/j.tcr.2020.100338
B-IM , 2352
B-IM , BY-NC
B-PI , Trauma
B-IM , 100338
B-IM , x-ray
B-PI , disruption
B-PI , injuries
B-PI , fractures
B-PI , fracture
B-PI , trauma
B-GOAL , management
B-IM , X-rays
B-PI , injury
B-PI , identified
B-PI , dissociation
B-PI , fracture
B-PI , displacement
B-PI , displacement
B-PI , fractures
B-PI , fracture
B-PI , fracture
B-SurgicalPreparation , general
B-SurgicalProcedure , surgery
B-GOAL , application
B-PI , displacement
B-GOAL , application
B-GOAL , Management
B-PI , fracture
B-GOAL , reduction
B-GOAL , reduction
B-PI , symphysis
B-PI , Trauma
B-IM , 100338
B-IM , x-ray
B-GOAL , reduction
B-IM , (CT)
B-PI , fractures
B-IM , CT
B-PI , Trauma
B-IM , 100338
B-IM , CT
B-GOAL , reconstruction
B-SurgicalProcedure , surgery
B-IM , program
B-IM , X-rays
B-PI , b.
B-PI , pain
B-SurgicalProcedure , Ileostomy
B-IM , X-rays
B-IM , CT
B-PI , Trauma
B-IM , 100338
B-PI , fractures
B-PI , dissociation
B-PI , injuries
B-GOAL , treatment
B-GOAL , treatment
B-PI , injuries
B-SurgicalProcedure , surgery
B-PI , pain
B-GOAL , management
B-PI , injury
B-PI , fracture
B-PI , injury
B-PI , classification
B-PI , injuries
B-PI , fracture
B-PI , establish
B-PI , classification
B-PI , injury
B-PI , classification
B-PI , displacement
B-SurgicalProcedure , surgery
B-GOAL , reduction
B-PI , Trauma
B-IM , 100338
B-PI , injury
B-PI , injury
B-PI , dissociation
B-PI , fractures
B-PI , dissociation
B-GOAL , reduction
B-PI , injury
B-PI , injury
B-PI , fractures
B-GOAL , management
B-PI , injury
B-PI , dissociation
B-PI , classification
B-GOAL , reduction
B-GOAL , management
B-GOAL , reduction
B-PI , fractures
B-PI , displacement
B-PI , fracture
B-PI , displacement
B-PI , injury
B-PI , pain
B-PI , dissociation
B-PI , injury
B-PI , dissociation
B-PI , Classification
B-GOAL , treatment
B-PI , injuries
B-PI , highly
B-PI , Trauma
B-IM , 100338
B-PI , https://doi.org/10.1097/BRS.0b013e3181a8cdad
B-PI , 10.1097/00007632
B-PI , R.A.
B-PI , classification
B-PI , injuries
B-IM , (2012)
B-IM , X. Lu,
B-PI , D.
B-PI , fractures
B-GOAL , R.
B-PI , fracture
B-PI , P.
B-PI , P.
B-GOAL , treatment
B-GOAL , R.
B-PI , Fracture
B-PI , F.
B-PI , fracture
B-PI , Trauma
B-GOAL , R.
B-PI , R.A.
B-PI , dissociation
